{
    "board": {
        "light": [221, 187, 141],
        "dark": [173, 127, 90],
        "check": [255, 0, 0, 128],
        "piece_left": [255, 183, 15, 128],
        "piece_arrived": [255, 183, 15, 128],
        "selected": [0, 73, 44, 182],
        "destination": [0, 206, 123, 128]
    },
    "white": {
        "king": "pieces.white_king",
        "queen": "pieces.white_queen",
        "bishop": "pieces.white_bishop",
        "knight": "pieces.white_knight",
        "rook": "pieces.white_rook",
        "pawn": "pieces.white_pawn"
    },
    "black": {
        "king": "pieces.black_king",
        "queen": "pieces.black_queen",
        "bishop": "pieces.black_bishop",
        "knight": "pieces.black_knight",
        "rook": "pieces.black_rook",
        "pawn": "pieces.black_pawn"
    },
    "texture_interpolation": "bilinear"
}